Column,Missing Count,Missing Percentage
employment_type,1677,5.59
employment_area,1682,5.6066666666666665
country,539,1.7966666666666666
income,25000,83.33333333333334
