Column,Majority Class Size,Minority Class Size,Minority-to-Majority Ratio
country,4465,1,0.00022396416573348266
marital_status,2270,5,0.0022026431718061676
employment_type,3435,1,0.0002911208151382824
ethnicity,4252,30,0.0070555032925682035
gender,3371,1629,0.4832393948383269
level_of_education,1617,7,0.004329004329004329
employment_area,956,2,0.0020920502092050207
partnership,2001,148,0.07396301849075462
