,age,weighting_factor,training_period,gains_financial,losses_financial,weekly_working_time
count,30000.0,30000.0,30000.0,30000.0,30000.0,30000.0
mean,38.58246666666667,189767.51003333332,10.079733333333333,1091.6866666666667,86.6212,40.43193333333333
std,13.647747358049747,105442.01030855505,2.5722356959341948,7467.388819273765,401.5292122633628,12.31309414154163
min,17.0,12285.0,1.0,0.0,0.0,1.0
25%,28.0,117833.0,9.0,0.0,0.0,40.0
50%,37.0,178478.0,10.0,0.0,0.0,40.0
75%,48.0,236938.5,12.0,0.0,0.0,45.0
max,90.0,1484705.0,16.0,99999.0,4356.0,99.0
