mean_fit_time,std_fit_time,mean_score_time,std_score_time,param_C,param_class_weight,param_penalty,params,split0_test_score,split1_test_score,split2_test_score,split3_test_score,split4_test_score,mean_test_score,std_test_score,rank_test_score
0.2081761837005615,0.04739754408302631,0.011177492141723634,0.004536522015917869,0.001,balanced,l2,"{'C': 0.001, 'class_weight': 'balanced', 'penalty': 'l2'}",0.7942857142857143,0.75,0.7814285714285715,0.7457142857142857,0.7928571428571428,0.7728571428571428,0.02093722395492716,4
0.21877756118774414,0.08559986724748048,0.011878538131713866,0.004697845448016647,0.001,,l2,"{'C': 0.001, 'class_weight': None, 'penalty': 'l2'}",0.8142857142857143,0.8114285714285714,0.8142857142857143,0.8085714285714286,0.8085714285714286,0.8114285714285714,0.002555506259999741,2
0.5396978378295898,0.08658258431224009,0.014165782928466797,0.00407356031028956,0.01,balanced,l2,"{'C': 0.01, 'class_weight': 'balanced', 'penalty': 'l2'}",0.8042857142857143,0.8085714285714286,0.8028571428571428,0.8057142857142857,0.8028571428571428,0.8048571428571428,0.002138089935299421,3
0.4664015769958496,0.11098741537605028,0.007511949539184571,0.001507142417078281,0.01,,l2,"{'C': 0.01, 'class_weight': None, 'penalty': 'l2'}",0.8385714285714285,0.8271428571428572,0.8585714285714285,0.8357142857142857,0.8342857142857143,0.8388571428571427,0.010552105892925342,1
