dropout_rate,learning_rate,Accuracy,Recall
0.2,0.001,0.792,0.6830601092896175
0.3,0.001,0.8146666666666667,0.4644808743169399
0.5,0.001,0.7893333333333333,0.2185792349726776
0.5,0.0005,0.7933333333333333,0.26229508196721313
0.5,0.01,0.8093333333333333,0.4098360655737705
