dropout_rate,learning_rate,Accuracy,Recall
0.2,0.001,0.808,0.45901639344262296
0.3,0.001,0.812,0.29508196721311475
0.5,0.001,0.7973333333333333,0.22404371584699453
0.5,0.0005,0.792,0.15846994535519127
0.5,0.01,0.7986666666666666,0.3114754098360656
