Column,Majority Class Size,Minority Class Size,Minority-to-Majority Ratio
ethnicity,6769,30,0.004431969271679716
level_of_education,2322,7,0.0030146425495262705
country,7022,1,0.00014240956992309884
partnership,4067,148,0.036390459798377184
gender,5614,1944,0.34627716423227645
employment_area,1662,2,0.0012033694344163659
marital_status,4589,5,0.0010895619960775767
employment_type,5527,1,0.0001809299800977022
