,age,training_period,gains_financial,losses_financial,weekly_working_time
count,7558.0,7558.0,7558.0,7558.0,7558.0
mean,40.30881185498809,10.5,1.1553671353464172,0.524726763586226,42.163138396401166
std,12.509481560176173,2.48327740429189,3.0489376242673667,1.9161397119938048,11.620993323380354
min,17.0,1.0,0.0,0.0,1.0
25%,31.0,9.0,0.0,0.0,40.0
50%,40.0,10.0,0.0,0.0,40.0
75%,49.0,13.0,0.0,0.0,48.0
max,90.0,16.0,11.512925464970229,7.843064016692054,99.0
