partnership,Frequency,Proportion
 Husband,4067,0.5381053188674253
 Not-in-family,1534,0.20296374702302197
 Own-child,770,0.10187880391637999
 Unmarried,554,0.07329981476581106
 Wife,485,0.06417041545382376
 Other-relative,148,0.019581899973537972
