ethnicity,Frequency,Proportion
 White,6771,0.8958719237893623
 Black,550,0.0727705742259857
 Asian-Pac-Islander,158,0.02090500132310135
 Amer-Indian-Eskimo,49,0.006483196612860545
 Other,30,0.00396930404869013
