employment_type,Frequency,Proportion
 Private,5529,0.7315427361735909
 Self-emp-not-inc,494,0.0653612066684308
 Local-gov,404,0.05345329452236041
nan,369,0.048822439798888596
 Self-emp-inc,305,0.04035459116168298
 State-gov,257,0.03400370468377878
 Federal-gov,199,0.026329716856311195
 Without-pay,1,0.00013231013495633765
