gender,Frequency,Proportion
 Male,5614,0.7427890976448795
 Female,1944,0.2572109023551204
